종류,이모지,이름,설명,변동,가중치,최소턴,최대턴,마지막칸
유물,🌟,낡은 어부의 작살,"가호:바다. 바다 냄새 밴 소금 절인 자루, 한쪽 날만 무섭게 날카롭습니다.",유물,0,1,1,
유물,🌟,황태자의 목걸이,가호:바람. 어린 태자가 자유롭길 바란 누군가의 마음이 남아 있습니다.,유물,0,1,1,
물건,🍾,돔 페리뇽,누군가의 축하는 여기까지 왔습니다.,보관,5,1,,
물건,🛡️,낡은 방패,쪼개면 장작이 됩니다.,🪵+2,8,1,,
시체,💀,기사의 시체,죽었습니다. 명복을.,🍖+2 ⚙️+2,8,1,,
물건,🌿,마법세계의 약초,간단한 약초입니다.,🌿+1,8,1,,
물건,💉,네오브리타니아의 치료제,이게 뭔데?,💉+1,5,1,,
물건,🪚,하이테크 절단기,연료도 전기도 없습니다. 작동법 모름.,⚙️+4,5,1,,
물건,🥫,제7구역 배급 통조림,유통기한이 달력 세 종류로 적혀 있습니다.,🥫+3,8,1,,
물건,🪑,벨로크 왕국의 식탁 의자,다리가 하나 없습니다.,🪵+3,7,1,,
물건,🧱,무너진 성벽 조각,누군가의 국경이었습니다.,🪨+4,7,1,,
물건,🪵,젖은 통나무,마르면 쓸 만합니다.,🔥+3,9,1,,
물건,📦,봉인된 우편 상자,수신인: 아르켄 제3위성 궤도청.,🥫+1 ⚙️+1,6,1,,
물건,🧸,해진 곰인형,눈알이 하나 없습니다. 청광묵이 쳐다봅니다.,보관,5,1,,
물건,🍖,거대 짐승의 뒷다리,아직 따뜻합니다. 무엇이 잘랐는지는 모릅니다.,🍖+6,6,1,,
물건,🐟,하늘을 헤엄치던 물고기,여기엔 헤엄칠 하늘이 없습니다.,🍖+2,7,1,,
물건,⚙️,태엽 심장,째깍. 째깍. 멈췄습니다.,⚙️+2,6,1,,
물건,🕯️,순례자의 양초,켜면 기도 소리가 납니다. 안 켜는 게 좋습니다.,🔥+1,6,1,,
물건,📜,해독 불가 계약서,서명란에 당신 이름이 적혀 있습니다.,보관,4,1,,
물건,🪖,제14소대 철모,총알 자국이 안쪽에 있습니다.,⚙️+2,6,1,,
물건,🥾,한 짝뿐인 장화,나머지 한 짝은 아직 떨어지는 중입니다.,보관,5,1,,
물건,🧂,분홍 소금 한 줌,쥐고 있으면 이상하게 조용해집니다.,보관,3,20,,
물건,🍞,천국 제과점 바게트,딱딱합니다. 천국에서도 빵은 굳습니다.,🍖+2,6,1,,
물건,🌽,지옥 옥수수,씹으면 비명이 납니다. 영양가는 좋습니다.,🍖+3,5,1,,
물건,🔋,다 쓴 반응로 전지,아직 미지근합니다.,⚙️+3,4,1,,
물건,🧵,수의 한 필,누군가 입을 뻔했습니다.,보관,5,1,,
물건,🪓,녹슨 도끼머리,자루는 어디 갔을까요.,⚙️+2,6,1,,
물건,🧪,라벨 없는 물약,보라색입니다. 거품이 웃습니다.,💉+1,3,1,,
물건,🗿,이름 없는 석상의 코,나머지 얼굴은 어느 세계에 있을까요.,🪨+3,5,1,,
물건,🎺,녹슨 나팔,불면 먼 곳에서 누가 대답합니다.,⚙️+1,4,1,,
시체,🦴,이름 모를 짐승 뼈,골수가 조금 남았습니다.,🍖+1 🪨+1,7,1,,
시체,🧍,새로운 생존자,착지에 실패했습니다. 명복을.,🍖+2,6,1,,
시체,🤖,고장 난 가사 로봇,마지막 말: 오늘의 메뉴는….,⚙️+5,4,1,,
시체,🧙,떠돌이 마법사의 시체,모자만 멀쩡합니다.,🌿+2 🔥+1,3,1,,
유물,🌟,황금 당근,"만병통치의 비약. 먹으면 모든 질병 회복, 가호:불침 10턴.",유물,1,2,,
유물,🌟,물푸레 대검,나무 정령의 심장으로 만든 검. 아직 따뜻합니다.,유물,1,2,,
유물,🌟,긴고아,"고대의 신성을 속박했던 고리. 착용하면 봉인:신성, 가호:고행.",유물,1,2,,
유물,🌟,AK-47,30발. 어느 세계에서든 이건 통합니다.,유물,1,2,,
유물,🌟,베포의 왕좌,시설. 배치하면 턴마다 🫀+4.,유물,1,2,,
유물,🌟,마틴의 신상,작은 과학의 신. 곁에 두면 가호:평온.,유물,1,2,,
날씨,🌧️,기분 좋은 비,피가 씻겨 갑니다. 부패가 빨라집니다.,날씨:비:10,4,1,,Y
날씨,🌩️,낙뢰를 동반한 폭풍우,거센 비. 운이 나쁩니다.,날씨:뇌우:4,3,1,,Y
날씨,❄️,폭설,동상 위험. 부패가 멈춥니다.,날씨:눈:4,3,1,,Y
특수,🐌,인광달팽이 알,청광묵이 환호합니다.,🐌+3,3,1,,Y
특수,🪱,식용 지렁이 한 무더기,꿈틀. 맛은 묻지 마세요.,🍖+4,4,1,,
